{
  "todos": [
    {
      "subject": "sss",
      "completed": true,
      "id": 3
    },
    {
      "subject": "ddd",
      "completed": false,
      "id": 4
    },
    {
      "subject": " mm,",
      "completed": false,
      "id": 5
    },
    {
      "subject": "fadlgj\\",
      "completed": false,
      "id": 6
    },
    {
      "subject": "sss",
      "completed": false,
      "id": 7
    },
    {
      "subject": "치킨",
      "completed": false,
      "id": 8
    },
    {
      "subject": "피자",
      "completed": false,
      "id": 9
    },
    {
      "subject": "치킨피자",
      "completed": false,
      "id": 10
    },
    {
      "subject": "떡볶이",
      "completed": false,
      "id": 11
    },
    {
      "subject": "순대",
      "completed": false,
      "id": 12
    },
    {
      "subject": "떡볶이순대",
      "completed": false,
      "id": 13
    }
  ]
}